WhsCode,WhsName
SBAN33,Location Violet GP33
SBAP25,Event at Lakewood GP25
SBAP36,Location Xylo GP36
Z48610,Grandway (Credit)
Z32438,Grandway (Credit)
Z17163,Grandway (Credit)
Z00857,Grandway (Credit)
Z50046,Grandway (Credit)
Z23108,Grandway (Credit)
Z15347,Grandway (Credit)
Z12593,Grandway (Credit)
Z15051,Grandway (Credit)
Z00720,Grandway (Credit)
Z81477,Grandway
Z73162,Grandway (Credit)
Z61985,Grandway (Credit)
Z29758,Grandway (Credit)
Z93492,Grandway (Credit)
Z84865,Grandway (Credit)
Z48534,Grandway (Credit)
Z59101,Grandway (Credit)
Z87395,Grandway (Credit)
Z55020,Grandway (Credit)
Z83404,Grandway (Credit)
Z81515,Grandway (Credit)
Z18159,Grandway (Credit)
Z25947,Grandway (Credit)
Z86636,Grandway (Credit)
Z41144,Grandway (Credit)
Z86272,Grandway (Credit)
Z16392,Grandway (Credit)
Z11382,Location Larchmont
Z81773,Location Millbrook
Z79449,Location Newport
Z18614,Location Orchardview
Z60224,Location Pemberton
Z38229,Location Quincy
Z01997,Location Redmond
Z24919,Location Silverton
Z07721,Grandway
Z86317,Event at Upperdale
Z57354,Event at Valleyview
Z01469,Event at Windermere
Z73794,Location Yorktown
Z97387,Event at Zenith
Z06204,Flagship Alderwood
Z38992,Event at Bayshore
Z61099,Location Cliffside
Z94275,Location Dunmore
Z70350,Event at Evergreen
Z79541,Location Ferndale
Z30781,Location Goldcrest (Credit)
Z79674,Grandway
Z84346,Location Ivywood
Z22271,Location Jasper
Z81502,Location Kenmore
Z02765,Location Langley
Z16144,Location Mountview
Z41472,Location Norwood
Z07072,Location Oakridge
Z07065,Location Parkdale
Z49665,Location Rosewood
Z14803,Location Summitview
Z71243,Location Timberland
Z19635,Location Unionville
Z76054,Location Vista
Z10887,Value Mart Woodhaven
Z25530,Location Acacia
Z00751,Value Mart Birchwood
Z36066,Location Coral Springs
Z11221,Location Midtown
Z48081,Location Echo Park
Z16494,Location Flintstone
Z95101,Location Granite
Z63119,Location Millbrook
Z79086,Location Orchardview
Z87645,Location Jade
Z87688,Location Foxdale
Z61937,Location Lavender
Z87735,Location Mystic
Z32145,Location Nimbus
Z42874,Location Olive
Z99007,Location Poplar
Z38407,Location Quartz
Z57103,Location Zephyr
Z57372,Location Sapphire
Z88548,Location Topaz
Z02419,Location Umbra
Z24407,Location Violet
PEAA,Grandway
PEBA,Event at Xylo
Z18196,Location Yarrow
Z33727,Location Zephyr
Z18794,Location Amber
Z17707,Event at Bluebell
Z48875,Event at Riverside
Z82891,Event at Lakewood
Z40013,Location Hillcrest
Z35754,Location Sundale
Z90165,Location Oakville
Z15292,Location Maplewood
Z97627,Location Riverside
Z95917,Location Brookside
Z51123,Location Fairview
Z48249,Location Highgate
Z20950,Location Amber (Credit)
Z02139,Location Hillcrest (Credit)
Z41786,Location Northridge
Z00768,Plaza
Z33287,Location Midtown
Z11303,Location Harborview
Z10000,Location Pinewood
Z38717,Location Clearwater
Z93070,Location Stonebridge
Z51202,Location Willow Creek
Z70140,Location Ashford (Credit)
Z47971,Location Brighton (Credit)
Z93647,Location Crestview
Z97541,Event at Deerfield (Credit)
Z11109,Location Elmwood (Credit)
Z17977,Pinnacle (Credit)
Z33996,Pinnacle (Credit)
Z94619,Pinnacle (Credit)
Z39370,Pinnacle (Credit)
Z62004,Pinnacle (Credit)
Z77836,Location Kingston
Z73727,Location Westgate
Z23453,Pinnacle (Credit)
Z20445,Pinnacle (Credit)
Z35176,Pinnacle (Credit)
Z97795,Pinnacle (Credit)
Z51077,Pinnacle (Credit)
Z03876,Pinnacle (Credit)
Z06270,Pinnacle (Credit)
Z47512,Pinnacle (Credit)
Z11344,Pinnacle (Credit)
Z45383,Pinnacle (Credit)
Z84124,Pinnacle (Credit)
Z08346,Pinnacle (Credit)
Z33119,Pinnacle (Credit)
Z94080,Pinnacle (Credit)
Z97065,Pinnacle (Credit)
Z43849,Pinnacle (Credit)
Z95549,Pinnacle (Credit)
Z22451,Event at Evergreen
Z98704,Event at Ferndale
Z12134,Event at Goldcrest
Z62133,Event at Highgate
Z65935,Pinnacle (Credit)
Z36130,Pinnacle (Credit)
Z45095,Pinnacle (Credit)
Z89512,Pinnacle (Credit)
Z00910,Pinnacle (Credit)
Z84475,Pinnacle (Credit)
Z08165,Pinnacle (Credit)
Z96207,Pinnacle (Credit)
Z42248,Pinnacle (Credit)
Z61808,Pinnacle (Credit)
Z51546,Pinnacle (Credit)
Z71520,Pinnacle (Credit)
Z08592,Pinnacle (Credit)
Z46375,Pinnacle (Credit)
Z75924,Pinnacle (Credit)
Z42159,Pinnacle (Credit)
Z77041,Pinnacle (Credit)
Z34094,Pinnacle (Credit)
Z76360,Pinnacle (Credit)
Z28530,Pinnacle (Credit)
Z96521,Pinnacle (Credit)
Z68418,Pinnacle (Credit)
Z88076,Pinnacle (Credit)
Z81258,Pinnacle (Credit)
Z07199,Pinnacle (Credit)
Z63726,Pinnacle (Credit)
Z82730,Pinnacle (Credit)
Z95122,Pinnacle (Credit)
Z83755,Pinnacle (Credit)
FSAA,Flagship Poplar
FSBAN25,Flagship Quartz GP25
FSBAP17,Flagship Ruby GP17
FSBAP20,Flagship Sapphire GP20
FSCA,Flagship Topaz
FSDA,Flagship Umbra
FSEA,Flagship Violet
FSFA,Flagship Walnut
FSGA,Flagship Xylo
FSHA,Flagship Yarrow
FSIA,Flagship Zephyr
FSJA,Flagship Amber
FSKA,Flagship Bluebell
FSLA,Flagship Riverside
FSMA,Flagship Lakewood
FSNA,Flagship Hillcrest
FSOAP13,Flagship Sundale
FSPAP13,Flagship Oakville
FSQAP13,Flagship Maplewood
FSRA,Flagship Greenfield
PEAA,Event at Brookside
PEAAPA,Event at Fairview
PEAAPB,Event at Cedarwood
PEBA,Event at Westgate
PEBAPA,Event at Eastpoint
PECA,Event at Northridge
PEDA,Event at Southpark
PEEA,Location Midtown
PEFA,Event at Harborview
PEFAPA,Event at Olive
PEGA,Event at Clearwater
PEHA,Event at Stonebridge
PEIAP12,Event at Willow Creek GP12
PEJAP12,Event at Ashford GP12
PEKA,Event at Brighton
PEKAPA,Event at Crestview
PELA,Event at Deerfield
PEMA,Event at Elmwood
PEMAP12,Event at Orchardview GP12
PENA,Event at Glenwood
PEOAP12,Event at Hawthorn GP12
PEPA,Event at Ironwood
PEPAPA,Event at Juniper
PEQA,Event at Kingston
PEQAPA,Event at Larchmont
PERA,Event at Millbrook
PESA,Event at Newport
PETAP12,Event at Orchardview GP12
PEUA,Event at Pemberton
PEUAPA,Event at Quincy
PEVAP12,Event at Redmond GP12
PEWA,Event at Silverton
PEXA,Event at Thornton
PEYA,Event at Upperdale
PEZA,Event at Valleyview
PEAA,Event at Windermere
PEBAP12,Event at Yorktown
PEBAP15,Event at Zenith GP15
PECA,Event at Alderwood
PEDA,Event at Bayshore
PEEA,Event at Cliffside
PEFA,Event at Dunmore
PEGA,Event at Evergreen
PEHA,Event at Ferndale
PEIA,Event at Goldcrest
PEJA,Event at Highgate
PEKA,Event at Ivywood
PELA,Event at Jasper
PEMA,Event at Kenmore
PENA,Event at Langley
PEOA,Event at Mountview
PEPA,Event at Norwood
PEQA,Event at Oakridge
PERA,Event at Parkdale
PESA,Event at Rosewood
PETA,Plaza
PEUA,Event at Timberland
PEVAN18,Event at Unionville
PEWAN18,Event at Vista
PEXA,Event at Woodhaven
PEYA,Event at Acacia
PEZA,Event at Birchwood
PEZAN18,Event at Coral Springs
PEAA,Event at Dayton
PEBA,Event at Echo Park
PECA,Event at Flintstone
PEDA,Event at Granite
PEEA,Event at Holly
PEFA,Event at Iris
PEGA,Event at Jade
PEHA,Event at Kingswood
PEIA,Event at Lavender
PEJA,Event at Mystic
PEKA,Event at Nimbus
PELA,Event at Olive
PEMA,Plaza
PENA,Event at Quartz
PEOA,Event at Ruby
Z18022,Event at Sapphire
Z88431,Event at Topaz
Z86233,Flagship Umbra
Z47718,Location Violet
Z05916,Location Walnut
Z02904,Location Xylo
Z37025,Location Yarrow
Z52303,Location Zephyr
Z63670,Location Amber (Credit)
Z58443,Location Quincy
Z56577,Location Riverside
Z91981,Location Lakewood
Z69423,Location Hillcrest (Credit)
Z53088,Location Sundale
Z32806,Location Oakville
Z61389,Location Maplewood
Z78450,Location Greenfield
Z99507,Location Brookside
Z66876,Location Fairview
Z82984,Location Highgate
Z96068,Location Westgate
Z32800,Location Eastpoint (Credit)
Z85008,Grandway (Credit)
Z79370,Grandway (Credit)
Z96367,Location Norwood
Z25438,Location Harborview
Z42029,Location Pinewood
Z51198,Location Clearwater
Z36033,Location Millbrook
Z30725,Location Willow Creek
Z49026,Location Ashford
Z89562,Location Brighton
Z03248,Location Crestview
Z41914,Location Deerfield
Z51052,Location Elmwood
Z09808,Location Foxdale
Z10775,Location Glenwood
Z47809,Location Hawthorn
Z06415,Location Ironwood
Z42242,Location Juniper
Z21095,Location Kingston
Z25779,Location Larchmont
Z87816,Location Millbrook
Z99264,Location Newport
Z77388,Location Orchardview
Z16644,Location Pemberton
Z15854,Location Quincy
Z45122,Location Redmond
Z99702,Location Silverton
Z16109,Location Unionville
Z26401,Location Upperdale
Z76595,Location Valleyview
Z69919,Location Windermere
Z44648,Location Yorktown
Z48475,Location Zenith
Z02835,Location Alderwood
Z76063,Location Bayshore
Z85239,Location Cliffside
Z84592,Location Dunmore
Z52527,Location Evergreen
Z86698,Event at Ferndale
Z41731,Event at Goldcrest
Z98719,Location Highgate
Z42265,Location Ivywood
Z34537,Location Jasper
Z52272,Location Kenmore
Z32777,Location Langley
Z01251,Location Mountview
Z88007,Location Norwood
Z83650,Location Oakridge
Z38046,Location Parkdale
Z94142,Location Rosewood
Z36896,Location Summitview
Z49312,Location Timberland
Z66853,Location Unionville
Z64555,Location Vista
Z31347,Flagship Woodhaven
Z49178,Flagship Acacia
Z03917,Event at Birchwood
Z89917,Location Coral Springs
Z32664,Event at Dayton
Z09117,Event at Echo Park
Z35662,Location Flintstone
Z98419,Event at Granite
Z76139,Event at Holly
Z66015,Event at Iris
Z08235,Event at Jade
Z13643,Event at Kingswood
Z37234,Event at Lavender
Z26378,Event at Mystic
Z14747,Event at Nimbus
Z66985,Event at Olive
Z34161,Event at Poplar
Z27556,Flagship Quartz
Z28942,Location Ruby
Z49122,Location Sapphire
RMA,Location Umbra
RMAP00,Location Umbra
RMBP00,Event at Violet
Z18519,Location Walnut
Z27666,Location Xylo
Z70963,Location Yarrow
Z91225,Location Zephyr
Z57255,Location Amber
Z76225,Location Bluebell
Z10190,Location Riverside
Z23853,Location Lakewood
Z87686,Location Hillcrest
Z05151,Location Sundale
Z32812,Location Oakville
Z07759,Location Maplewood
Z51073,Location Greenfield
Z19916,Location Cedarwood
Z95502,Location Fairview GP30
Z67149,Location Cedarwood
Z33834,Location Westgate GP25
Z33909,Location Eastpoint
Z74954,Location Northridge
Z44399,Location Southpark
Z55945,Location Pinewood
Z04914,Location Pinewood
Z07330,Location Pinewood
BP,
BPA,Location Stonebridge
BPAN25,Location Willow Creek GP25
BPAN30,Location Crestview GP30
BPAN32,Location Brighton GP32
BPAP30,Location Crestview GP30
BPAP32,Location Deerfield GP32
Z64241,Hospital Store Elmwood
Z49602,Hospital Store Foxdale
Z61488,Hospital Store Glenwood GP18
Z32529,Hospital Store Hawthorn
Z89727,Hospital Store Ironwood
Z62119,Hospital Store Juniper
Z71510,Hospital Store Kingston GP18
Z04854,Hospital Store Larchmont
Z39978,Hospital Store Millbrook
Z44150,Hospital Store Newport
Z14106,Hospital Store Orchardview GP18
Z63127,Hospital Store Pemberton
Z56268,Hospital Store Quincy
Z72492,Hospital Store Redmond
Z32896,Hospital Store Silverton GP18
Z72488,Hospital Store Thornton
Z97364,Hospital Store Upperdale
Z07792,Hospital Store Valleyview
Z93739,Hospital Store Yorktown
Z00814,Hospital Store Yorktown
Z99101,Hospital Store Zenith GP18
Z59542,Hospital Store Bayshore
Z71622,Hospital Store Bayshore
Z66540,Hospital Store Cliffside GP18
Z69769,Hospital Store Evergreen
Z99511,Hospital Store Evergreen
Z12887,Hospital Store Ferndale GP18
Z17184,Hospital Store Highgate
Z01530,Hospital Store Highgate
Z73696,Hospital Store Ivywood GP18
Z99682,Hospital Store Kenmore
Z72610,Hospital Store Kenmore
Z65146,Hospital Store Langley GP18
Z53357,Location Mountview
Z53951,Hospital Store Oakridge
Z13665,Hospital Store Oakridge
Z76258,Hospital Store Parkdale GP18
Z51948,Hospital Store Summitview
Z10169,Hospital Store Summitview
Z28072,Hospital Store Timberland GP18
Z40660,Hospital Store Unionville
Z22221,Hospital Store Vista
Z90804,Hospital Store Woodhaven GP18
Z42709,Hospital Store Acacia
Z28829,Hospital Store Coral Springs
Z76770,Hospital Store Coral Springs
Z32344,Hospital Store Dayton GP18
Z56026,Hospital Store Flintstone
Z87627,Hospital Store Flintstone
Z76621,Hospital Store Granite GP18
Z53771,Hospital Store Iris
Z21784,Hospital Store Iris
Z65878,Hospital Store Jade GP18
Z42135,Hospital Store Kingswood
Z70407,Hospital Store Lavender
Z45488,Hospital Store Mystic GP18
Z33935,Hospital Store Nimbus
Z96167,Hospital Store Olive
Z42835,Hospital Store Poplar
Z78698,Hospital Store Quartz GP18
Z45567,Hospital Store Ruby
Z60517,Hospital Store Topaz
Z40901,Hospital Store Topaz
Z83588,Hospital Store Umbra GP18
Z51286,Hospital Store Violet
Z41523,Hospital Store Walnut
Z02403,Hospital Store Xylo GP18
Z51564,Hospital Store Yarrow
Z40583,Hospital Store Zephyr
Z97548,Hospital Store Amber
Z99418,Hospital Store Bluebell GP18
Z29937,Hospital Store Riverside
BC03,Location Lakewood
BC04,Location Hillcrest
BC07,Location Sundale
BC08,Location Oakville
BC09,Location Maplewood
BC10,Location Greenfield
BC11,Location Brookside
BC15,Location Fairview
BC17,Location Cedarwood
BC18,Location Westgate
BC21,Location Eastpoint
BC25,Location Northridge
BC27,Location Southpark
BC30,Location Midtown
BC38,Location Harborview
BC43,Location Pinewood
BC44,Location Clearwater
BC45,Location Stonebridge
BCAR,Location Willow Creek
BCAT,Location Ashford
BCAY,Location Brighton
BCBB,Location Crestview
BCBI,Location Deerfield
BCBN,Location Elmwood
BCBO,Location Foxdale
BCBP,Location Glenwood
BCBR,Location Hawthorn
BCCB,Location Ironwood
BCCC,Location Juniper
BCCM,Location Kingston
BCCN,Location Larchmont
BCCR,Location Millbrook
BCCW,Location Newport
BCCY,Location Orchardview
BCDK,Location Pemberton
BCDM,Location Quincy
BCEM,Location Redmond
BCFI,Location Silverton
BCGJ,Location Thornton
BCGK,Location Upperdale
BCGN,Location Valleyview
BCGO,Location Windermere
BCGU,Location Yorktown
BCGX,Location Zenith
BCH2,Location Alderwood
BCHD,Location Bayshore
BCHF,Location Cliffside
BCHH,Location Dunmore
BCHJ,Location Evergreen
BCHM,Location Ferndale
BCHN,Location Goldcrest
BCHO,Location Highgate
BCHY,Location Ivywood
BCIL,Location Jasper
BCK1,Location Kenmore
BCK2,Location Langley
BCKB,Location Mountview
BCKK,Location Norwood
BCKL,Location Oakridge
BCKN,Location Parkdale
BCKP,Location Rosewood
BCKR,Location Summitview
BCKS,Location Timberland
BCKT,Location Unionville
BCLB,Location Vista
BCLD,Location Woodhaven
BCLG,Location Acacia
BCLK,Location Birchwood
BCLN,Location Coral Springs
BCLO,Location Dayton
BCLP,Location Echo Park
BCLT,Location Flintstone
BCMA,Location Granite
BCMB,Location Holly
BCMC,Location Iris
BCMD,Location Jade
BCMH,Location Kingswood
BCNA,Location Lavender
BCNK,Location Mystic
BCNN,Location Nimbus
BCNO,Location Olive
BCNP,Location Poplar
BCNR,Location Quartz
BCNT,Location Ruby
BCNW,Location Sapphire
BCOY,Location Topaz
BCP1,Location Umbra
BCPB,Location Violet
BCPD,Location Walnut
BCPH,Location Xylo
BCPK,Location Yarrow
BCPL,Location Zephyr
BCPM,Location Amber
BCPN,Location Bluebell
BCPP,Location Riverside
BCPR,Location Lakewood
BCPT,Location Hillcrest
BCRB,Location Sundale
BCRC,Location Oakville
BCRE,Location Maplewood
BCRM,Location Greenfield
BCRO,Location Brookside
BCRS,Location Fairview
BCRT,Location Cedarwood
BCRY,Location Westgate
BCSA,Location Eastpoint
BCSC,Location Northridge
BCSH,Location Southpark
BCSI,Location Midtown
BCSM,Location Harborview
BCSN,Location Pinewood
BCSP,Location Clearwater
BCSR,Location Stonebridge
BCSS,Location Willow Creek
BCST,Location Ashford
BCSU,Location Brighton
BCSV,Location Crestview
BCSW,Location Deerfield
BCSY,Location Elmwood
BCTN,Location Foxdale
BCTR,Location Glenwood
BCTU,Location Hawthorn
BCUB,Location Ironwood
BCUD,Location Juniper
BCVR,Location Kingston
BCWS,Location Larchmont
BCYS,Location Millbrook
Z84379,Location Newport GP15
Z93823,Location Orchardview GP20
Z65367,Location Pemberton GP10
GERP18,Grandway Estates Quincy GP18
Z19401,Grandway
Z73766,Grandway GP15
Z78850,Grandway GP25
Z51901,Grandway GP33
Z12271,Grandway GP35
Z76934,Grandway GP25
Z38000,Grandway GP25
Z17123,Grandway GP33
Z60919,Grandway GP25
Z60343,Grandway
Z57926,Grandway GP25
Z11536,Grandway GP33
Z74189,Grandway GP35
Z17586,Grandway GP25
Z69499,Grandway
Z71635,Grandway GP25
Z66632,Grandway GP33
Z14109,Grandway GP35
Z94865,Grandway GP25
Z70472,Grandway
Z01226,Grandway GP33
Z68067,Grandway GP35
Z60215,Grandway GP25
Z67221,Grandway
Z80864,Grandway GP25
Z20768,Grandway GP33
Z07689,Grandway GP25
Z42626,Grandway GP25
Z43165,Grandway GP33
Z66978,Grandway GP25
Z99675,Grandway
Z18222,Grandway GP25
Z11592,Grandway GP33
Z84065,Grandway GP35
Z38085,Grandway GP25
Z65838,Grandway
Z09933,Grandway GP33
Z58359,Grandway GP35
Z45487,Grandway GP25
Z25384,Grandway GP25
Z84313,Grandway GP33
Z07629,Grandway GP25
Z28110,Grandway
Z90180,Grandway GP25
Z01374,Grandway GP33
Z48426,Grandway GP25
Z95542,Grandway
Z12502,Grandway GP33
Z15720,Grandway GP25
Z57870,Grandway
Z25530,Grandway GP25
Z36216,Grandway GP33
Z09281,Grandway GP35
Z44040,Grandway GP25
Z59177,Grandway GP25
Z60211,Grandway GP33
Z06425,Grandway GP25
Z50842,Grandway
Z27450,Grandway GP33
Z59154,Grandway GP25
Z79055,Grandway GP25
Z62362,Grandway GP33
Z91006,Grandway GP25
Z30446,Grandway GP25
Z29284,Grandway GP33
Z83474,Grandway GP25
Z61922,Grandway
Z32069,Grandway GP25
Z93349,Grandway GP33
Z77420,Grandway GP25
Z98777,Grandway
Z77172,Grandway GP15
Z02171,Grandway GP25
Z35863,Grandway GP33
Z80209,Grandway GP35
Z50617,Grandway GP25
Z76455,Grandway
Z45727,Grandway GP25
Z09844,Grandway GP33
Z36825,Grandway GP35
Z68408,Grandway GP25
Z02778,Grandway
Z63224,Grandway GP25
Z47533,Grandway GP33
Z19223,Grandway GP25
Z50650,Grandway
Z58836,Grandway GP25
Z08513,Grandway GP33
Z85776,Grandway GP25
Z35655,Grandway GP33
Z31373,Grandway GP25
Z89614,Grandway
Z80613,Grandway GP25
Z82354,Grandway GP33
Z29514,Grandway GP35
Z62463,Grandway GP25
Z82463,Grandway
Z03005,Grandway GP33
Z40963,Grandway GP25
Z07666,Grandway
Z54589,Grandway GP25
Z65270,Grandway GP33
Z96069,Grandway GP35
Z80293,Grandway GP25
Z73250,Grandway
Z65508,Grandway GP25
Z62775,Grandway GP33
Z02851,Grandway GP25
Z80338,Grandway
Z22641,Grandway GP33
Z53554,Grandway GP35
Z46816,Grandway GP25
Z84674,Grandway GP25
Z56384,Grandway GP33
Z14059,Grandway GP25
Z96415,Grandway GP33
Z33695,Grandway GP25
Z91069,Grandway
Z86449,Grandway GP25
Z93889,Grandway GP33
Z08421,Grandway GP35
Z28944,Grandway GP25
Z75936,Grandway GP25
Z99178,Grandway GP33
Z79097,Grandway GP25
Z49949,Grandway
Z45542,Grandway GP25
Z85779,Grandway GP33
Z21391,Grandway GP35
Z74185,Grandway GP25
Z43446,Location Flintstone
Z39765,Location Granite
Z80277,Location Holly
Z93551,Event at Iris
Z57727,Location Kingswood
Z86449,Location Kingswood
Z17810,Location Nimbus
Z35002,Location Nimbus
Z12954,Location Nimbus
Z79445,Location Olive
Z74847,Event at Poplar
Z08633,Event at Quartz GP15
Z98562,Location Ruby
Z38358,Location Sapphire
DFCPP00,DutyFree Topaz
DFDK,DutyFree Violet
DFDKP,DutyFree Violet
DFIK,DutyFree Zephyr
DFIK00,DutyFree Zephyr
DFIKP,DutyFree Yarrow GP45
DFIKP00,DutyFree Zephyr
DFIOP00,DutyFree Amber
DFIP,DutyFree Hillcrest
DFIP00,DutyFree Hillcrest
DFIPP,DutyFree Lakewood GP45
DFIPP00,DutyFree Hillcrest
DFIS,DutyFree Sundale
DFISP,DutyFree Oakville GP45
DFIT,DutyFree Maplewood
DFITP,DutyFree Greenfield GP45
DFTF,DutyFree Brookside
DFTFP,DutyFree Fairview GP45
Z27704,Event at Cedarwood
Z21548,Event at Westgate
Z97443,Event at Eastpoint GP15
Z41126,Location Northridge
Z62070,Location Southpark
Z59089,Location Midtown
Z13734,Location Harborview
Z60438,Location Pinewood
Z84853,Location Clearwater
Z14284,Event at Stonebridge GP15
VMAY,Value Mart Willow Creek
VMAY12A,Event at Ashford GP12
VMAYN23,Value Mart Brighton GP23
VMAYN25,Value Mart Crestview GP25
VMAYP05,Event at Deerfield GP05
VMAYP12,Value Mart Elmwood GP12
VMAYP15,Value Mart Foxdale GP15
VMAYP20,Value Mart Glenwood GP20
VMCA,Value Mart Hawthorn
VMCAN23,Value Mart Ironwood GP23
VMCAN25,Value Mart Juniper GP25
VMCAP05,Event at Kingston GP5
VMCAP12,Value Mart Larchmont GP12
VMCAP13,Value Mart Millbrook GP13
VMCAP15,Value Mart Newport GP15
VMCAP20,Value Mart Orchardview GP20
VMCM,Value Mart Pemberton
VMCMN23,Value Mart Quincy GP23
VMCMN25,Value Mart Redmond GP25
VMCMP05,Event at Silverton
VMCMP12,Value Mart Thornton GP12
VMCMP15,Value Mart Upperdale GP15
VMCW12A,Event at Valleyview GP12
VMKBP12,Value Mart Windermere GP12
VMKY,Value Mart Yorktown
VMKY12A,Event at Zenith GP12
VMKYN23,Value Mart Alderwood GP23
VMKYN25,Value Mart Bayshore GP25
VMKYP05,Event at Cliffside GP5
VMKYP12,Value Mart Dunmore GP12
VMKYP15,Value Mart Evergreen GP15
VMKYP20,Value Mart Ferndale GP20
VMPK,Value Mart Goldcrest
VMPKN23,Value Mart Highgate GP23
VMPKN25,Value Mart Ivywood GP25
VMPKP12,Value Mart Jasper GP12
VMPKP13,Value Mart Kenmore GP13
VMPKP15,Value Mart Langley GP15
VMPKP20,Value Mart Mountview GP20
VMPY,Value Mart Norwood
VMPYN23,Value Mart Oakridge GP23
VMPYN25,Value Mart Parkdale GP25
VMPYP12,Value Mart Rosewood GP12
VMPYP15,Value Mart Summitview GP15
VMPYP20,Value Mart Timberland GP20
VMSN,Value Mart Unionville
VMSNP25,Value Mart Vista GP25
VMUN,Event at Woodhaven
VMUNN30,Value Mart Acacia GP30
VMUNP05,Event at Birchwood
VMUNP20,Value Mart Coral Springs GP20
VMVSP12,Value Mart Dayton GP12
VMVSP15,Value Mart Echo Park GP15
Z68244,Location Flintstone
Z80485,Location Granite GP35
Z40471,Location Holly
Z43958,Location Jade
Z49485,Location Jade
Z99521,Pinnacle GP33
Z38544,Pinnacle GP25
Z62321,Pinnacle
Z36279,Pinnacle GP30
Z99055,Pinnacle GP33
Z54277,Pinnacle GP18
Z96137,Pinnacle GP20
Z10777,Pinnacle GP25
Z72485,Pinnacle
Z79407,Pinnacle GP30
Z68274,Pinnacle GP18
Z48178,Pinnacle GP20
Z53242,Pinnacle
Z46975,Pinnacle GP30
Z28309,Pinnacle GP18
Z85351,Pinnacle GP20
Z09383,Pinnacle
Z30153,Pinnacle GP30
Z17767,Pinnacle GP33
Z56809,Pinnacle GP18
Z37435,Pinnacle GP20
Z88528,Pinnacle GP25
Z74128,Pinnacle GP30
Z61673,Pinnacle GP33
Z42300,Pinnacle GP18
Z24186,Pinnacle GP25
Z16447,Pinnacle
Z74574,Pinnacle GP25
Z50498,Pinnacle GP30
Z66074,Pinnacle GP33
Z65466,Pinnacle GP18
Z85535,Pinnacle GP20
Z39867,Pinnacle GP25
Z13623,Pinnacle
Z34989,Pinnacle GP25
Z82846,Pinnacle GP30
Z32586,Pinnacle GP33
Z02741,Pinnacle GP18
Z57281,Pinnacle GP20
Z12052,Pinnacle GP25
Z20220,Pinnacle
Z68165,Pinnacle GP30
Z12973,Pinnacle GP33
Z13422,Pinnacle GP18
Z15088,Pinnacle GP20
Z90395,Pinnacle GP25
Z27710,Pinnacle
Z39310,Pinnacle GP25
Z32596,Pinnacle GP30
Z97391,Pinnacle GP33
Z25802,Pinnacle GP18
Z96627,Pinnacle GP20
Z64792,Pinnacle GP25
Z11355,Pinnacle
Z31162,Pinnacle GP25
Z64627,Pinnacle GP30
Z22446,Pinnacle GP33
Z40497,Pinnacle GP18
Z81269,Pinnacle GP20
Z01293,Pinnacle GP25
Z32249,Pinnacle GP25
Z17862,Pinnacle GP33
Z74612,Pinnacle GP25
Z19302,Pinnacle
Z49175,Pinnacle GP30
Z10081,Pinnacle GP18
Z83349,Pinnacle
Z65049,Pinnacle GP20
Z02983,Pinnacle GP30
Z20212,Pinnacle GP33
Z73735,Pinnacle GP18
Z25620,Pinnacle GP25
Z57292,Pinnacle
Z81702,Pinnacle GP30
Z61916,Pinnacle GP33
Z49061,Pinnacle GP18
Z27028,Pinnacle GP20
Z59159,Pinnacle GP25
Z16243,Pinnacle
Z98742,Pinnacle GP30
Z05640,Pinnacle GP33
Z75223,Pinnacle GP18
Z01451,Pinnacle GP20
Z80597,Pinnacle GP25
Z61235,Pinnacle
Z24358,Pinnacle GP30
Z24763,Pinnacle GP18
Z96762,Pinnacle GP20
Z71941,Pinnacle
Z71133,Pinnacle GP30
Z35357,Pinnacle GP33
Z19049,Pinnacle GP18
Z79862,Pinnacle GP20
Z00495,Pinnacle GP25
Z78053,Pinnacle
Z11014,Pinnacle GP30
Z03163,Pinnacle GP18
Z55889,Pinnacle GP20
Z91588,Pinnacle GP25
Z86993,Pinnacle GP30
Z38921,Pinnacle GP33
Z76780,Pinnacle GP18
Z00811,Pinnacle GP25
Z73986,Pinnacle
Z06079,Pinnacle GP30
Z52384,Pinnacle GP33
Z72688,Pinnacle GP18
Z37141,Pinnacle GP20
Z62573,Pinnacle GP25
Z12308,Pinnacle
Z14631,Pinnacle GP30
Z64075,Pinnacle GP18
Z04601,Pinnacle GP20
Z04688,Pinnacle
Z08998,Pinnacle GP25
Z56461,Pinnacle GP30
Z15245,Pinnacle GP33
Z32247,Pinnacle GP18
Z23020,Pinnacle GP20
Z96237,Pinnacle GP25
Z77364,Pinnacle
Z61534,Pinnacle GP30
Z85656,Pinnacle GP18
Z97968,Pinnacle GP20
Z85865,Pinnacle
Z18459,Pinnacle GP30
Z19592,Pinnacle GP33
Z61462,Pinnacle GP18
Z17593,Pinnacle GP20
Z30872,Pinnacle GP25
Z08623,Pinnacle GP30
Z05867,Pinnacle GP33
Z26539,Pinnacle GP18
Z73238,Pinnacle GP25
Z12393,Pinnacle
Z26284,Pinnacle GP30
Z76492,Pinnacle GP33
Z40279,Pinnacle GP18
Z45729,Pinnacle GP20
Z04325,Pinnacle GP25
Z14500,Pinnacle
Z69897,Pinnacle GP25
Z83671,Pinnacle GP30
Z15706,Pinnacle GP33
Z35458,Pinnacle GP18
Z98661,Pinnacle GP20
Z81251,Pinnacle GP25
Z09883,Pinnacle
Z62648,Pinnacle GP30
Z40981,Pinnacle GP18
Z13122,Pinnacle GP20
Z29309,Pinnacle
Z12560,Pinnacle GP30
Z47927,Pinnacle GP33
Z24129,Pinnacle GP18
Z46529,Pinnacle GP20
Z44707,Pinnacle GP25
Z59174,Pinnacle
Z80481,Pinnacle GP25
Z57600,Pinnacle GP30
Z64422,Pinnacle GP33
Z55528,Pinnacle GP18
Z82206,Pinnacle GP20
Z18727,Pinnacle GP25
Z43226,Pinnacle GP25
Z30192,Pinnacle GP33
Z79746,Pinnacle GP25
Z74294,Pinnacle
Z49507,Pinnacle GP30
Z07892,Pinnacle GP33
Z92519,Pinnacle GP18
Z40025,Pinnacle GP20
Z10400,Pinnacle GP25
Z77446,Pinnacle
Z94671,Pinnacle GP30
Z78904,Pinnacle GP33
Z91872,Pinnacle GP18
Z29809,Pinnacle GP20
Z86304,Pinnacle GP25
Z75568,Pinnacle
Z09069,Pinnacle GP25
Z20154,Pinnacle GP30
Z79112,Pinnacle GP33
Z65821,Pinnacle GP18
Z20272,Pinnacle GP20
Z88419,Pinnacle GP25
Z30271,Pinnacle
Z60692,Pinnacle GP30
Z83741,Pinnacle GP33
Z05670,Pinnacle GP18
Z29684,Pinnacle GP20
Z23775,Pinnacle GP25
Z81965,Pinnacle
Z53214,Pinnacle GP25
Z49919,Pinnacle GP30
Z50876,Pinnacle GP33
Z92166,Pinnacle GP18
Z63691,Pinnacle GP20
Z44657,Pinnacle GP25
Z14353,Pinnacle
Z04603,Pinnacle GP30
Z31988,Pinnacle GP18
Z24102,Pinnacle GP20
Z52472,Pinnacle
Z53875,Pinnacle GP25
Z13864,Pinnacle GP30
Z50420,Pinnacle GP33
Z46745,Pinnacle GP18
Z20160,Pinnacle GP20
Z18361,Pinnacle GP25
Z73208,Pinnacle
Z30282,Pinnacle GP25
Z11158,Pinnacle GP30
Z72296,Pinnacle GP33
Z26116,Pinnacle GP18
Z11079,Pinnacle GP20
Z32571,Pinnacle GP25
Z77162,Pinnacle
Z65047,Pinnacle GP30
Z72291,Pinnacle GP33
Z86664,Pinnacle GP18
Z66587,Pinnacle GP20
Z12475,Pinnacle GP25
Z14092,Pinnacle
Z71919,Pinnacle GP30
Z29187,Pinnacle GP18
Z38780,Pinnacle GP20
Z36811,Pinnacle
Z09756,Pinnacle GP30
Z26457,Pinnacle GP33
Z06069,Pinnacle GP18
Z29624,Pinnacle GP20
Z42832,Pinnacle GP25
Z54157,Pinnacle
Z80311,Pinnacle GP30
Z59399,Pinnacle GP33
Z44200,Pinnacle GP18
Z25890,Pinnacle GP20
Z68602,Pinnacle GP25
Z26011,Pinnacle
Z00795,Pinnacle GP25
Z85063,Pinnacle GP30
Z23017,Pinnacle GP33
Z00904,Pinnacle GP18
Z48387,Pinnacle GP20
Z88928,Pinnacle GP25
Z20588,Pinnacle
Z31131,Pinnacle GP30
Z89012,Pinnacle GP33
Z02397,Pinnacle GP18
Z33842,Pinnacle GP20
Z24692,Pinnacle GP25
Z36133,Pinnacle
Z71312,Pinnacle GP30
Z93682,Pinnacle GP33
Z58645,Pinnacle GP18
Z56186,Pinnacle GP20
Z89189,Pinnacle GP25
Z64545,Pinnacle
Z94169,Pinnacle GP25
Z71052,Pinnacle GP30
Z01082,Pinnacle GP33
Z20653,Pinnacle GP18
Z75299,Pinnacle GP20
Z04151,Pinnacle GP25
Z92697,Pinnacle GP25
Z11035,Pinnacle GP33
Z61515,Pinnacle GP25
Z22268,Pinnacle GP33
Z91566,Pinnacle GP25
Z87794,Pinnacle
Z54078,Pinnacle GP30
Z43362,Pinnacle GP33
Z03042,Pinnacle GP18
Z52632,Pinnacle GP20
Z01418,Pinnacle GP25
Z50287,Pinnacle
Z51818,Pinnacle GP25
Z29488,Pinnacle GP30
Z34421,Pinnacle GP33
Z79611,Pinnacle GP18
Z39318,Pinnacle GP20
Z00865,Pinnacle GP25
Z56731,Pinnacle
Z80729,Pinnacle GP30
Z98028,Pinnacle GP18
Z22086,Pinnacle GP20
Z03259,Pinnacle
Z25557,Pinnacle GP30
Z99875,Pinnacle GP33
Z66750,Pinnacle GP18
Z52273,Pinnacle GP25
Z46911,Pinnacle GP33
Z30930,Pinnacle GP25
Z37592,Grandway
SB,Location Umbra
SBN33,Location Violet GP33
SBN35,Location Zephyr GP35
SBN36,Location Xylo GP36
SBP25,Location Yarrow GP25
SBP35,Location Zephyr GP35
Z82976,Plaza
Z78242,Grandway
Z07262,Location Lakewood
Z07476,Location Lakewood
Z71582,Plaza
Z79399,Location Sundale
HMR,Location Oakville
HMRN20,Location Maplewood GP20
HMRN27,Location Greenfield GP27
HMRN30,Location Brookside GP30
HMRP20,Event at Fairview GP20
Z42927,Location Cedarwood
Z03396,Location Westgate GP20
Z73327,Location Eastpoint GP25
Z78568,Event at Northridge GP10
Z66823,Location Southpark GP15
QMBT,QuickMart Harborview
QMBTP00,QuickMart Harborview
QMCT,QuickMart Pinewood
GWCCB,Location Clearwater
GWCCBP12,Event at Stonebridge
GWCKK,Location Willow Creek
GWCKKP15,Event at Ashford
GWCRC,Location Brighton
GWCRCP15,Event at Crestview
GWCUD,Event at Deerfield GP15
GWCUDP05,Event at Elmwood
GWCUDP12,Event at Foxdale
GWCUDP20,Event at Glenwood
GWMBA18C,Plaza
GWMBAP18,Plaza
GWMBK,Plaza
GWMBK18A,Plaza GP18
GWMBK18B,Plaza GP18
GWMBK20A,Plaza GP20
GWMBK20B,Plaza GP20
GWMBKN20,Plaza GP20
GWMBKN27,Plaza GP27
GWMBKN30,Plaza GP30
GWMBKN31,Plaza GP31
GWMBKP15,Plaza GP15
GWMBKP18,Plaza GP18
GWMBKP20,Plaza GP20
GWMBKP22,Plaza GP22
GWMBKP25,Plaza GP25
GWMBP,Plaza
GWMBP15A,Plaza GP15
GWMBP18A,Plaza GP18
GWMBP18B,Plaza GP18
GWMBP20A,Plaza GP20
GWMBP20B,Plaza GP20
GWMBPN20,Plaza GP20
GWMBPN25,Plaza GP25
GWMBPN27,Plaza GP27
GWMBPN30,Plaza GP30
GWMBPN31,Plaza GP31
GWMBPP15,Plaza GP15
GWMBPP18,Plaza GP18
GWMBPP20,Plaza GP20
GWMBPP22,Plaza GP22
GWMBPP25,Plaza GP25
GWMHH,Plaza
GWMHH18A,Plaza GP18
GWMHH20A,Plaza GP18
GWMHHN20,Plaza GP20
GWMHHN25,Plaza GP25
GWMHHN27,Plaza GP27
GWMHHN30,Plaza GP30
GWMHHN31,Plaza GP31
GWMHHP15,Plaza GP15
GWMHHP18,Plaza GP18
GWMHHP20,Plaza GP20
GWMHHP22,Plaza GP22
GWMHHP25,Plaza GP25
GWMKR,Plaza
GWMKR15A,Plaza GP18
GWMKR18A,Plaza GP18
GWMKR20A,Plaza GP20
GWMKRN20,Plaza GP20
GWMKRN25,Plaza GP25
GWMKRN27,Plaza GP27
GWMKRN30,Plaza GP30
GWMKRN31,Plaza GP31
GWMKRP15,Plaza GP15
GWMKRP18,Plaza GP18
GWMKRP20,Plaza GP20
GWMKRP22,Plaza GP22
GWMKRP25,Plaza GP25
GWMRM,Plaza
GWMRMN30,Plaza GP30
GWMRMN31,Plaza GP31
GWMRMP18,Plaza GP18
GWMRMP20,Plaza GP20
GWMRMP22,Plaza GP22
GWMSK,Plaza
GWMSK18A,Plaza GP18
GWMSK20A,Plaza GP20
GWMSKN20,Plaza GP20
GWMSKN25,Plaza GP25
GWMSKN27,Plaza GP27
GWMSKN30,Plaza GP30
GWMSKP15,Plaza GP15
GWMSKP18,Plaza GP18
GWMSKP20,Plaza GP20
GWMSKP22,Plaza GP22
GWMSKP25,Plaza GP25
GWMSY,Plaza
GWMSY15A,Plaza GP15
GWMSY18A,Plaza GP18
GWMSY20A,Plaza GP20
GWMSYN20,Plaza GP20
GWMSYN25,Plaza GP25
GWMSYN27,Plaza GP27
GWMSYN30,Plaza GP30
GWMSYP15,Plaza GP15
GWMSYP18,Plaza GP18
GWMSYP20,Plaza GP20
GWMSYP22,Plaza GP22
GWMSYP25,Plaza GP25
GWMTP,Plaza
GWMTP18A,Plaza GP18
GWMTP20A,Plaza GP20
GWMTPN20,Plaza GP20
GWMTPN25,Plaza GP25
GWMTPN27,Plaza GP27
GWMTPN30,Plaza GP30
GWMTPN31,Plaza GP31
GWMTPP15,Plaza GP15
GWMTPP17,Plaza GP17
GWMTPP18,Plaza GP18
GWMTPP20,Plaza GP20
GWMTPP22,Plaza GP22
GWMTPP25,Plaza GP25
GWMWA18A,Plaza GP18
GWMWA20B,Plaza GP20
GWMWAN30,Plaza GP30
GWMWAP15,Plaza GP15
GWMWAP18,Plaza GP18
GWMWAP20,Plaza GP20
GWMWAP25,Plaza GP25
GWMWG,Plaza
GWMWG15A,Plaza GP15
GWMWG18A,Plaza GP18
GWMWG18B,Plaza GP18
GWMWG20A,Plaza GP20
GWMWG20B,Plaza GP20
GWMWGN20,Plaza GP20
GWMWGN25,Plaza GP25
GWMWGN27,Plaza GP27
GWMWGN30,Plaza GP30
GWMWGN31,Plaza GP31
GWMWGP15,Plaza GP15
GWMWGP18,Plaza GP18
GWMWGP20,Plaza GP20
GWMWGP22,Plaza GP22
GWMWGP25,Plaza GP25
GWOJW,Location Parkdale
GWOJWP,Location Parkdale
GWOSY,Location Summitview
GWOSYP,Location Summitview
GWOVK,Location Unionville
GWOVKP,Location Unionville
GWSLRP15,Location Vista
GWSTB,Location Woodhaven
GWSTBN25,Location Acacia GP25
GWSTBP10,Location Birchwood GP10
GWSTBP15,Location Coral Springs GP15
GWUBNP03,Event at Dayton
GWUBP,Location Echo Park
GWUBPP03,Location Flintstone
GWUCM,Location Granite
GWUCMP03,Location Holly
GWUCPP03,Location Iris
GWUCW,Event at Jade
GWUCW03A,Event at Kingswood
GWUCW03B,Location Mystic
GWUCWP03,Location Mystic
GWUGM,Location Nimbus
GWUGMP03,Location Olive
GWUHB,Location Poplar
GWUHBP03,Location Quartz
GWUHY,Location Ruby
GWUHYP03,Location Sapphire
GWULC,Location Topaz
GWULCP03,Location Umbra
GWUMB,Event at Violet
GWUMB03A,Event at Walnut
GWUMB03B,Location Yarrow
GWUMBP03,Location Yarrow
GWUOBP03,Location Zephyr
GWUP4,Event at Amber
GWUP403A,Location Lakewood
GWUP403B,Location Lakewood
GWUP4P03,Location Lakewood
GWUPB,Location Hillcrest
GWUPB03A,Location Maplewood
GWUPB03B,Location Maplewood
GWUPBP03,Location Maplewood
GWUPD,Location Greenfield
GWUPDP03,Location Brookside
GWUPT,Location Fairview
GWUPTP03,Location Cedarwood
GWUPYP03,Location Westgate
GWUR3P03,Location Eastpoint
GWURJ,Location Southpark
GWURJP03,Location Southpark
GWURS,Location Midtown
GWURS03B,Location Pinewood
GWURSP03,Location Pinewood
GWURSP3A,Event at Clearwater
GWURT,Location Stonebridge
GWURT03A,Location Willow Creek
GWURT03B,Location Brighton
GWURTP03,Location Brighton
GWUSM,Location Foxdale
GWUSM03A,Location Foxdale
GWUSM03B,Location Foxdale
GWUSMP03,Location Foxdale
GWUSP,Location Juniper
GWUSP03A,Location Juniper
GWUSP03B,Location Juniper
GWUSPP03,Location Juniper
GWUSR,Location Kingston
GWUTM,Event at Larchmont
GWUTMP03,Location Millbrook
GWUUD,Location Newport
GWUUDP03,Location Orchardview
Z82675,Event at Pemberton
Z01070,Location Quincy
Z22280,Location Zenith
Z86842,Event at Silverton
Z17994,Event at Thornton
Z43754,Location Upperdale
Z05829,Location Valleyview
Z38907,Event at Windermere
Z22536,Location Zenith
Z99079,Location Zenith
Z15535,Event at Alderwood
Z33360,Event at Bayshore
Z24689,Location Cliffside
Z63577,Flagship Dunmore
Z38070,Flagship Evergreen
W1,Warehouse W10
W10,Warehouse W10
W11,Warehouse W11
W1-1,Warehouse W1-1
W1-2,Warehouse W1-2
W1-AFK,Warehouse W1-AFK
W1-DEM,Warehouse W1-DEM
W1-MKT,Warehouse W1-MKT
W1-NIC,Warehouse W1-NIC
W1-SL,Flagship Oakridge
W2,Warehouse W2
W2-1,Warehouse W2-1
W2-2,Warehouse W2-2
W2-3,Warehouse W2-3
Z11784,Stock Area Unionville (Credit)
Z75036,Stock Area Vista
Z44018,Stock Area Woodhaven
Z10035,Stock Area Acacia
Z65457,Stock Area Birchwood
Z15539,Stock Area Coral Springs
Z01521,Stock Area Dayton
Z19749,DutyFree Echo Park
W8,Flagship Flintstone
Z82626,Location Granite GP35
Z20571,Location Holly
Z32746,Grandway GP35
